{"cameraMode":{"drawMode":0,"name":"Shaded","section":"Shading Mode"},"sceneLighting":true,"audioPlay":false,"sceneViewState":{"m_AlwaysRefresh":false,"showFog":false,"showSkybox":false,"showFlares":false,"showImageEffects":false,"showParticleSystems":false,"showVisualEffectGraphs":true,"m_FxEnabled":true},"in2DMode":false,"pivot":{"x":8.604219436645508,"y":0.05854380130767822,"z":9.100990295410157},"rotation":{"x":0.24477945268154145,"y":0.42147573828697207,"z":-0.11917182058095932,"w":0.8651113510131836},"size":4.3231353759765629,"orthographic":false}